id,no_item,code_item,name_item,status
1,91494,IC NJM78M05DL1A-TE1,K-153,1
2,61432,IC PST3243NR,K-158,1
3,93450,CPU MCD166QFP(HD6433660D48FXIV,K-123,1
4,97654,IC TC7WU04F(TE12L/F),K-025,1
5,91612,SCR RT3H4B-TL,J-044,1
6,65170,SCR KC3FB40H 5071,J-064,1
7,90558,SRES CSTCE16M0V53A-R0,AA-012,1
8,72218,TR 2SC4116-Y(TE85R/F),I-058,1
9,95306,TR 2SD1484K T146R,I-145,1
10,95811,TR 2SA1576A T106R,I-170,1
11,91626,FET 2SK3483-Z-E1-AZ,I-212,1
12,72262,DI 1SS302(TE85R/F),H-075,1
13,73656,DI D1FK70-5053,H-345,1
14,79048,DI D1F60-5053,H-029,1
15,72943,DI M1FL20U-6063,H-216,1
16,74994,DI M1F60-6063,H-225,1
17,91139,ZD UDZS TE-17 8.2B,H-310,1
18,90937,ZD UDZS TE-17 5.6B,H-303,1
19,79837,AEC EMVJ6R3ARA220MD60G,G-147,1
20,74780,AEC EMVJ500ARA2R2MD60G,G-124,1
21,65076,CC GCM188R71H103KA01D,F-324,1
22,95820,CC CM105X7R153K50AT,F-115,1
23,98549,CC CM105X7R104K16AT,F-078,1
24,93943,CC GCM1882C1H330JA01D,F-341,1
25,92070,CC CF316X7R223K630AT,F-217,1
26,91617,AEC EMVY350ARA470MF55G,G-157,1
27,95847,CC CM105CH151J50AT,F-141,1
28,95084,CR RK73B1JTTD303J,B-435,1
29,96024,CR RK73B1JTTD102J,B-376,1
30,96023,CR RK73B1JTTD101J,B-375,1
31,61073,CR TSR4GTJ561V,B-995,1
32,95301,CR SG732BTTD240K,B-445,1
33,97176,CR RK73B1JTTD103J,B-283,1
34,61074,CR TSR4GTJ3R3V,B-994,1
35,97756,CR RK73B1JTTD472J,B-287,1
36,96020,CR RK73B1JTTD104J,B-372,1
37,93272,PCB CI822(5PCS/SHT),O-244,1
38,97799,TR 2SB1197K T146R,I-087,1
39,95149,FET 2SK3018T106,I-121,1
40,95813,TR DTC124EUA T106,I-161,1
41,96695,DI 1SS355 TE-17,H-097,1
42,63383,ZD RKZ18BKU#P6,H-463,1
43,63382,ZD RKZ16BKU#P6,H-462,1
44,92776,CC GCM21BR11H473KA01L,F-343,1
45,92696,CC GCM188R11H222KA01D,F-291,1
46,90906,CC CF316X7R153K250AT,F-212,1
47,74141,CC CF316X7R103K630AT,F-162,1
48,97311,CR RK73B2BTTD511J,B-342,1
49,61150,CR TSR4GTJ202V,BK-300,1
50,95225,CR RK73B1JTTD473J,B-441,1
51,71376,CR RK73B2BTTD471J,B-029,1
52,79210,CR RK73B2BTTD332J,BK-018,1
53,61101,CR TSR4GTJ112V,B-991,1
54,96393,CR RK73B1JTTD332J,B-462,1
55,95839,CR RK73H1JTTD1002F,B-669,1
56,70457,CR RK73H2BTTD2373F,B-541,1
57,70452,CR RK73H1JTTD2262F,B-540,1
58,98025,CR RK73B2ATTD751J,B-237,1
59,95807,CR RK73B1JTTD243J,B-454,1
60,97671,CR RK73B2BTTD200J,B-606,1
61,96280,CR RK73B2BTTD514J,B-792,1
62,91682,T TRF-123 (EX),CC-014,1
63,91157,AEC UPM1V821MHDBBV,G-148,1
64,73598,FC DMEST2G225K,D-148,1
65,76720,CN 6189-6341,V-019,1
66,62878,EPOXYRESIN SN300A 25KG/CAN UN*,S-041,1
67,91217,HARDENER SN300B 18KG/CAN UN1A1,SS-019,1
68,94791,MARKEMINK #7132 BLACK,YE-002,1
69,94790,MARKEMINK #7132 WHITE,YE-003,1
70,68047,SOLDERPASTE M705-GLV TYPE4,PA-012,1
71,97467,RESIN CASE CI687,AAA-042,1
72,93276,HOLDER CI822(16H),N-070,1
73,93526,CPU MCD171QFP(HD6433660D54FXIV,K-124,1
74,77813,CN 6189-6342,V-080,1
75,92026,CPU MCD147QFP(HD6433661D35FXIV,K-118,1
76,79884,FET 2SK3612-01S-TE24R,I-177,1
77,91677,FET H5N2510DS-TL-E,I-214,1
78,98082,TR 2SC4497-O(TE85L/F),I-088,1
79,73645,DI D3F60-5063,H-284,1
80,79076,DI D2F60-5063,H-104,1
81,94107,DI DAN217U T106,H-235,1
82,62604,ZD TFZGTR16B,H-431,1
83,91656,AEC EEEFC1E330J,G-159,1
84,90911,AEC EMVJ160ARA100MD60G,G-145,1
85,74146,CC CF32X7R153K630AT,F-164,1
86,61151,CR TSR4GTJ331V,BK-301,1
87,72441,CR RK73B2BTTD302J,BK-287,1
88,95673,CR RK73G2BTTD1001D,B-848,1
89,95911,PCB CI823(3PCS/SHT),O-264,1
90,91619,IC BD4843G-TR,K-109,1
91,95812,TR 2SC4081 T106R,I-171,1
92,97665,TR 2SD1781K T146R,I-085,1
93,63546,TR RT1N241M-T111-1,I-292,1
94,63548,TR RT1N431M-T111-1,I-302,1
95,63547,TR RT1N430M-T111-1,I-300,1
96,90936,ZD UDZS TE-17 27B,H-302,1
97,62603,ZD TFZGTR18B,H-430,1
98,74144,CC CF316X7R223K250AT,F-215,1
99,95600,CC CM105X7R102K50AT,F-114,1
100,65070,CC GCM188R71E333KA01D,F-318,1
101,98762,CR RK73B2BTTD391J,B-849,1
102,91981,CR SG732ETTD300K,B-871,1
103,70406,CR RK73B2BTTD105J,B-645,1
104,78216,CR RK73H2BTTD1501F,B-850,1
105,72581,CR RK73H2BTTD2203F,B-584,1
106,78409,CR RK73B2ATTD102J,BK-069,1
107,78617,CR RK73B2ATTD202J,BK-070,1
108,78410,CR RK73B2ATTD472J,BK-112,1
109,97757,CR RK73B1JTTD203J,B-288,1
110,94011,CR RK73H1JTTD1001F,B-560,1
111,95228,CR RK73H1JTTD1502F,B-443,1
112,70433,CR RK73H1JTTD1822F,B-533,1
113,61103,NR TSN3BTJ102V,B-993,1
114,61182,NR TSN3BTJ103V,BK-348,1
115,93235,T TRF-123A(EX),CC-016,1
116,91239,AEC UPM1E102MHDABV,G-152,1
117,74765,FC WMDD2G155K,D-054,1
118,91471,CN MX23A18NF1,V-121,1
119,91586,HOLDER CI810(KVB),N-064,1
120,91585,RESIN CASE CI810,AAA-067,1
121,94548,CPU MCD173QFP(HD6433660D55FPIV,K-125,1
122,95801,FET 2SK3387(TE24L/Q),I-122,1
123,79084,DI D4F60-5063,H-368,1
124,74147,CC CF32X7R223K630AT,F-163,1
125,91655,AEC EEEFC1V220J,G-158,1
126,93516,CR RK73H2BTTD1182F,B-924,1
127,91156,CR RK73H2BTTD7500F,B-793,1
128,61385,CR TSR4GTJ2R2V,BK-459,1
129,93515,CR RK73H1JTTD2432F,B-925,1
130,61386,CR TSR4GTJ511V,BK-347,1
131,98129,JP RK73Z1JTTD,B-523,1
132,93518,PCB CI830(4PCS/SHT),O-247,1
133,63557,TR ISA1602AM1-T111-1E,I-289,1
134,74140,CC CF21X7R103K250AT,F-161,1
135,93517,CR RK73H2BTTD1651F,B-926,1
136,71377,CR RK73B2BTTD472J,B-030,1
137,61183,CR TSR4GTJ102V,BK-342,1
138,76758,CR RK73H1JTTD1622F,B-685,1
139,93255,AEC EEUFK1V122S,G-169,1
140,78682,FC WMDD2V155K,D-024,1
141,70715,RESIN CASE CI752,AAA-052,1
142,71457,CN 6030-6992,V-096,1
143,79557,TERMINAL CI-07,L-015,1
144,93870,CPU MCD179QFP(HD6433660D66FXIV,K-130,1
145,96563,CR RK73B2BTTD751J,B-208,1
146,93746,PCB CI833(4PCS/SHT),O-254,1
147,63508,TR INC2002AM1-T111-1,I-288,1
148,95210,ZD RD39S-T1-A B1,H-308,1
149,96025,CR RK73B1JTTD302J,B-377,1
150,94341,CR RK73H1JTTD1602F,B-948,1
151,73873,CR RK73B2ETTD510J,B-949,1
152,96028,FC WMDD2G225K,D-122,1
153,93753,HOLDER CI742(KGH),N-129,1
154,71395,CN 6030-6991,V-003,1
155,61392,IC PST3640NR,K-154,1
156,61107,CPU R5F21284KSP#W4,K-155,1
157,61377,SRES PRQV16.00SR5010YU0L,AA-015,1
158,79295,SCR 03P4J-T2-AZ,J-020,1
159,95274,TR 2SD1950-T1-AZ SL,I-134,1
160,91982,AEC EMVY350ARA680MF80G,G-164,1
161,62493,CC GCM1882C1H101JA01D,F-285,1
162,95715,CR SG73P2BTTD511J,B-973,1
163,78406,CR RK73B2ATTD103J,BK-068,1
164,96806,CR RK73B2ATTD393J,B-230,1
165,96318,CR RK73B2BTTD204J,B-837,1
166,96173,CR RK73B2BTTD101J,B-392,1
167,61587,CR TSR4GTJ241V,BK-369,1
168,78618,CR RK73B2ATTD303J,BK-078,1
169,61819,PCB CI843(5PCS/SHT),O-302,1
170,72612,TR DTC143EUA T106,I-165,1
171,64284,ZD TFZGTR7.5B,H-493,1
172,92788,CC CM21X7R225K16AT,F-220,1
173,92768,CC GCM219R11H103KA01D,F-359,1
174,61154,CR TSR4GTJ200V,BK-304,1
175,70538,CR RK73B2ATTD511J,BK-009,1
176,73953,CR RK73B2ATTD152J,BK-308,1
177,61588,CR TSR4GTJ361V,BK-370,1
178,61586,T TRF-321,CC-017,1
179,61483,TR FCG1007,I-247,1
180,61391,FC MMCF0250K103 00000050,D-175,1
181,66509,CN DJ7044-2.3-10 NATURAL,V-210,1
182,66508,CN DJ7044-2.3-10 BLACK,V-209,1
183,61786,HEATSINK CI843,M-053,1
184,61833,PH SC M3X6 FE ZN3,Q-042,1
185,61834,NUT M3 FE ZN3 CLS2,BB-017,1
186,61817,RESIN CASE CI843,AAA-085,1
187,93986,HOLDER CI806(KTE),N-073,1
188,92341,IC BA178M05FP-E2,K-133,1
189,93268,SCR 3P4J-ZK-E1-AY,J-047,1
190,62262,FET DKG1020-VL-RP,I-250,1
191,74926,DI D1FL20U-5053,H-214,1
192,63431,ZD KDZTR16B,H-474,1
193,95719,AEC Y35CE47KX+P,G-181,1
194,62605,CC CM105X7R331K50AT,F-239,1
195,90004,CR RK73B1JTTD682J,B-676,1
196,61070,CR TSR4GTJ162V,B-996,1
197,62835,PCB CI849(4PCS/SHT),O-311,1
198,62827,IC PST8443NR,K-168,1
199,63430,ZD KDZTR15B,H-473,1
200,62826,CR TSR4GTJ430V,BK-399,1
201,61071,CR TSR4GTJ300V,B-997,1
202,95316,AEC UPM1V821MHD6,G-102,1
203,93985,RESIN CASE CI835,AAA-077,1
204,62807,HOLDER CI849,N-079,1
205,70338,CN 6030-2981,V-023,1
206,71407,CN 6030-3991,V-005,1
207,96305,AEC UWT0J220MCL1GB,G-097,1
208,66544,IC 74AHC3G04DP-Q100H,K-245,1
209,62173,SCR CR3AS-8B-T13,J-054,1
210,62860,FET SKP253G-VL-RP,I-252,1
211,95814,TR DTC143TUA-T106,I-123,1
212,98959,CR RK73B2ATTD240J,BK-277,1
213,62842,PCB CI850(4PCS/SHT),O-312,1
214,93507,RESIN CASE CI829,AAA-073,1
215,CN003,CN FL-82110-4,CN003,1
216,CN004,CN FL-82110-6-BN,CN004,1
217,93649,CPU MCD174QFP(HD6433660D60FXIV,K-127,1
218,93537,PCB CI829(4PCS/SHT),O-249,1
219,71408,CN 6030-4991,V-006,1
220,71739,CN 6030-6996,V-007,1
221,95269,CPU MCD182QFP(HD6433660D70FXIV,K-132,1
222,65121,IC TC7WU04FU(TE12L/F),K-229,1
223,98206,IC MB4213PF-G-BND-(JN)-ERE1,K-035,1
224,65634,FET P32FG15SL-5071,I-369,1
225,64767,TR 2SA1576UBHZGTLR,I-337,1
226,65109,TR 2SC4081UBHZGTLR,I-338,1
227,65108,DI DAN217UMFHTL,H-559,1
228,65096,ZD UDZVFH TE-17 5.6B,H-569,1
229,65174,ZD UDZVFH TE-17 8.2B,H-599,1
230,65658,AEC UCD1V220MCL1GS,G-341,1
231,64768,AEC UCD1C220MCL1GS,G-305,1
232,92810,CC CM21X7R105K25AT,F-259,1
233,65072,CC GCM188R71H153KA01D,F-322,1
234,92811,CC CM21X7R225K25AT,F-221,1
235,70498,CR RK73H1JTTD6192F,B-551,1
236,95214,CR RK73B2ETTD112J,B-437,1
237,70478,CR RK73H1JTTD2103F,B-550,1
238,74876,CR RK73B2ETTD202J,B-636,1
239,97174,CR RK73B1JTTD184J,B-483,1
240,94899,CR RK73B1JTTD515J,B-553,1
241,70176,CR RK73B1JTTD300J,B-549,1
242,63473,TR INC5001AC1-T112-1W,I-367,1
243,63472,TR INA5001AC1-T112-1W,I-366,1
244,65163,CC GCM1882C1H151JA01D,F-340,1
245,92681,CC GCM188R11H473KA40D,F-364,1
246,90905,CC CM21X7R154K25AT,F-242,1
247,98706,CR RK73H1JTTD1302F,B-675,1
248,73406,CR RK73B2ETTD200J,BK-693,1
249,97670,CR RK73B2ETTD3R3J,BK-250,1
250,95517,CR RK73H1JTTD2152F,B-559,1
251,97240,CR RK73B1JTTD202J,B-154,1
252,95226,CR RK73B1JTTD751J,B-442,1
253,98944,CR RK73B2ETTD511J,B-743,1
254,79305,CR RK73B2ETTD102J,BK-288,1
255,78964,FC AMZV0050J473 00000200,D-072,1
256,78963,FC AMZV0050J104 00000200,D-077,1
257,65643,PCB CI858(5PCS/SHT),O-373,1
258,76824,RESIN CASE CI-91,AAA-004,1
259,76822,HOLDER HA0,N-016,1
260,66188,CPU R5F10BACLSP,K-238,1
261,65633,SCR KC5FB40H 5071,J-069,1
262,66207,SRES PRQV16.00SR5005YU0L,AA-023,1
263,68958,DI M1FL40U-6063,H-727,1
264,66206,ZD PTZ TFTE25 22B,H-629,1
265,92542,AEC 6.3SKV22MS3F4X5.5,G-297,1
266,61254,CR TSR3GTJ303V,BK-515,1
267,96921,CR TSR3GTJ102V,BK-489,1
268,61256,CR TSR3GTJ332V,BK-516,1
269,61238,CR TSR3GTJ101V,BR-100,1
270,66192,CR SG73P2ETTD1R8J,BK-731,1
271,64650,CR TSR8GTF2373V,BR-104,1
272,64255,CR TSR3GTF2262V,BR-099,1
273,64322,CR TSR3GTJ243V,BR-101,1
274,61153,CR TSR4GTJ123V,BK-303,1
275,64649,CR TSR8GTJ391V,BR-103,1
276,65488,CR SG73P2BTTD302J,BK-668,1
277,66187,TR DTC124EUBHZGTL,I-379,1
278,65513,DI 1SS355VMFHTE-17,H-604,1
279,65010,CC GCM188R71C105KA49D,F-307,1
280,97596,CR TSR3GTJ103V,BK-510,1
281,96970,CR TSR3GTJ473V,BK-517,1
282,61259,CR TSR3GTJ472V,BK-504,1
283,61239,CR TSR3GTJ104V,BK-552,1
284,97106,CR TSR3GTF1002V,BK-505,1
285,61463,CR TSR6GTJ751V,BK-357,1
286,65486,CR TSR3GTJ392V,BK-734,1
287,66191,CR SG732BTTD390K,BK-730,1
288,61269,CR TSR4GTJ100V,BK-353,1
289,65485,CR TSR8GTF303V,BK-733,1
290,97143,CR TSR3GTF2002V,BK-541,1
291,61565,CR TSR8GTJ514V,BR-102,1
292,69015,AEC UPW1V122MHDABV,G-416,1
293,90319,MFR SPR3CT521A112J,A-291,1
294,66183,PCB CI859(3PCS/SHT),O-388,1
295,98281,RESIN CASE CI836,AAA-081,1
296,98287,HOLDER CI836,N-074,1
297,66205,ZD PTZ TFTE25 16B,H-628,1
298,66208,CR SG73P2ETTD2R2J,BK-732,1
299,63461,ZD KDZTR22B,H-479,1
300,68395,SRES CSTNE16M0V53C000R0,F-546,1
301,63621,TR 2SC4154-T111-1E,I-323,1
302,68010,ZD YFZVFHTR18B,H-670,1
303,68118,CC GCM155R71H473KE01D,F-533,1
304,65066,CC GCM155R71C104KA40D,F-314,1
305,66454,CC GCM155R71H103KA40D,F-466,1
306,67521,CC GRT1555C1H330JA02D,F-512,1
307,68635,CC GCM31CR72J223KX03L,F-581,1
308,65173,TR INK0012AM1-T111-1,I-266,1
309,66453,CC GCM155R71H222KA01D,F-465,1
310,68021,CC GRT155R71H153KE01D,F-594,1
311,67454,CC GCM155C71A105KE39D,F-593,1
312,68400,CC GCM1555C1H151JA16D,F-547,1
313,67321,CC GRT155R71C104KE01D,F-486,1
314,66190,CC GCM31BR72E223KX01L,F-592,1
315,68980,PCB CI865(3PCS/SHT),O-530,1
316,93667,AEC EMZA250ARA331MHA0G,G-191,1
317,61199,AEC EMZA160ARA221MF80G,G-278,1
318,65083,AEC EMVE160ARA101MF55G,G-315,1
319,90468,AEC UWT1A330MCL1GB,G-189,1
320,65084,AEC EMVE500ARA100MF55G,G-324,1
321,90470,AEC UWT1H3R3MCL1GB,G-190,1
322,61326,TC TMCMA1A226KTRF,E-061,1
323,65078,CC GCM1882C1H201JA01D,F-316,1
324,65077,CC GCM188R71H102KA01D,F-325,1
325,65075,CC GCM188R71C104KA01D,F-342,1
326,65071,CC GCM188R71H152KA01D,F-319,1
327,65069,CC GCM188R71H472KA01D,F-320,1
328,65062,CC GCM21BR71C225KA49L,F-335,1
329,63582,DI MC2850-T111-1,H-488,1
330,63580,DI MC2846-T111-1,H-554,1
331,73641,DI M1FS4-6063,H-291,1
332,63558,TR ISA1602AM1-T111-1F,I-290,1
333,63622,TR 2SC4154-T111-1F,I-306,1
334,63544,TR RT1N141M-T111-1,I-291,1
335,63996,TR RT5N234C-T112-1,I-308,1
336,74981,FET P25B6EB-5071,I-260,1
337,79093,FET P50B6EA-5071,I-259,1
338,63551,TR RT1P141M-T111-1,I-298,1
339,61242,CR TSR3GTJ123V,BK-511,1
340,61249,CR TSR3GTJ202V,BK-512,1
341,96937,CR TSR3GTJ302V,BK-514,1
342,90128,CR TSR6GTJ103V,BK-355,1
343,63986,CR TSR6GTJ114V,BK-491,1
344,63987,CR TSR6GTJ133V,BK-492,1
345,97586,CR TSR6GTJ472V,BK-502,1
346,61553,CR TSR8GTJ100V,BK-522,1
347,63990,CR TSR8GTJ271V,BK-499,1
348,63982,CR TSR3GTD1001V,BK-486,1
349,63812,CR TSR3GTF1003V,BR-108,1
350,61220,CR TSR3GTF1502V,BK-509,1
351,63983,CR TSR3GTF1692V,BK-487,1
352,98867,CR TSR6GTF152V,BK-519,1
353,90125,CR TSR6GTF683V,BK-520,1
354,63994,CR TSR8GTD392V,BK-496,1
355,63981,CR TSR8GTF5R1V,BK-497,1
356,61487,CR TSR4GTF241V,BK-518,1
357,93589,JP TSR3GTR00V,BK-525,1
358,61187,NR TSN3BTJ473V,BK-435,1
359,93590,JP TSR4GTR00V,BK-439,1
360,61250,CR TSR3GTJ222V,BK-513,1
361,94308,CL KMC1,HH-004,1
362,63465,IC BR93L66RFV-WE2,K-185,1
363,90486,CPU MCD088QFP(MA2101V),K-142,1
364,63221,CPU UPD70F3376AM1GCA-UEU-AX,K-172,1
365,63576,IC BD99A41F-E2,K-186,1
366,63203,SRES CSTCR6M00G55B-R0,AA-017,1
367,65092,ZD UDZVFH TE-17 16B,H-561,1
368,65089,ZD UDZVFH TE-17 2.0B,H-563,1
369,65094,ZD UDZVFH TE-17 36B,H-567,1
370,65093,ZD UDZVFH TE-17 39B,H-568,1
371,65220,CC GCM188R71H471KA01D,F-348,1
372,65438,CC GCM188R71E473KA01D,F-332,1
373,65063,CC GCM21BR71H104KA01L,F-321,1
374,65064,CC GCM21BR71C475KA67L,F-349,1
375,64582,TR 2SA1944-T111-1G,I-325,1
376,64583,TR 2SA2072FRATLQ,I-368,1
377,71088,TR 2SC4207-Y(TE85R/F),I-230,1
378,63998,TR INC5001AP1-T111-1W,I-307,1
379,95763,FET 2SK3065T100,I-206,1
380,63980,CR TSR3GTJ621V,BK-490,1
381,63988,CR TSR6GTJ222V,BK-493,1
382,61464,CR TSR6GTJ223V,BK-356,1
383,61563,CR TSR6GTJ224V,BK-521,1
384,63989,CR TSR6GTJ511V,BK-494,1
385,63985,CR TSR6GTJ912V,BK-495,1
386,61554,CR TSR8GTJ103V,BK-530,1
387,61555,CR TSR8GTJ122V,BK-523,1
388,63991,CR TSR8GTJ162V,BK-498,1
389,63993,CR TSR8GTJ302V,BK-500,1
390,63325,CR TSR8GTJ472V,BK-524,1
391,61219,CR TSR3GTF1501V,BK-508,1
392,63984,CR TSR3GTF5232V,BK-488,1
393,63244,NR TSN3BTJ333V,BK-437,1
394,63226,NR TSN3BTJ302V,BK-438,1
395,61152,CR TSR4GTJ131V,BK-302,1
396,61652,CR TSR4GTJ621V,BK-441,1
397,61654,CR TSR4GTJ9R1V,BK-440,1
398,90560,CR SR732BTTDR33J,BK-314,1
399,67654,IC BA2903YFVM-MGTR,K-277,1
400,67655,IC BA2904YFVM-MGTR,K-274,1
401,94154,IC NJM2360AM-TE1,K-150,1
402,63401,IC TLE42744DV50,K-181,1
403,63260,ZD PTZTF TE25 39A,H-457,1
404,65475,ZD UDZVFH TE-17 6.2C,H-589,1
405,65502,ZD UDZVFH TE-17 6.8A,H-619,1
406,65091,ZD UDZVFH TE-17 18B,H-562,1
407,65095,ZD UDZVFH TE-17 22B,H-564,1
408,65090,ZD UDZVFH TE-17 3.3B,H-565,1
409,65097,ZD UDZVFH TE-17 3.9B,H-566,1
410,63151,PCB CU-12(SUB)(2PCS/SHT),O-326,1
411,64978,FET P80FG6EAL-5071,I-335,1
412,93669,TR MN638S VL-RP,I-243,1
413,61325,CR SG732BTTD200K,BK-306,1
414,78408,CR RK73B2ATTD473J,B-424,1
415,94158,SR 13800-0730,BK-325,1
416,91452,CONNECT TERMINAL FH012,L-171,1
417,61140,OUTPUT TERMINAL CU-11,L-181,1
418,62905,CONNECT TERMINAL CU-11,L-205,1
419,63150,AL SUBSTRATE CU-12,O-319,1
420,68536,CN 33P CU-12,V-282,1
421,67880,CN 3P5P CU-11,V-267,1
422,91675,SILICONRUBBER TSE3281G 1KG/CAN,YA-008,1
423,64461,AEC ECST350ELL182ML25S,G-298,1
424,62880,EPOXYRESIN SN500A 25KG/CAN*,S-042,1
425,62881,HARDENER SN500B 25KG/CAN*,SS-022,1
426,63053,AL CASE CU-12,CCC-089,1
427,92772,CC GCM21BR11H223KA01L,F-345,1
428,65107,DI DAP202UMFHTL,H-560,1
429,61217,CR TSR3GTF1102V,BK-507,1
430,95068,CR SG732BTTD100K,B-418,1
431,63858,IC MCD209QFP(MA2102V),K-188,1
432,90463,IC NJM2391DL1-05-TE1,K-144,1
433,63561,PCB CU-16(2PCS/SHT),O-334,1
434,62971,AEC UCD1E331MNL1GS,G-207,1
435,65880,AEC EMVE160ARA221MF80G,G-345,1
436,65085,AEC EMVE100ARA330ME55G,G-314,1
437,73254,AEC UWT1H470MCL1GS,G-140,1
438,65444,CC GCM188R71E104KA42D,F-337,1
439,65067,CC GCM155R71C103KA01D,F-313,1
440,65065,CC GCM155R71H471KA01D,F-315,1
441,65074,CC GCM188R71C224KA01D,F-441,1
442,93780,CR RK73B1ETTP472J,BK-694,1
443,63999,TR RT3CLLM-T111-1F,I-331,1
444,65106,TR DTC114EUBHZGTL,I-339,1
445,64979,FET P60B6EL-5071,I-334,1
446,65806,TR RJP020N06FRA T100,I-373,1
447,91910,CR RK73H2ATTD3902D,BK-618,1
448,94346,CR RK73H1JTTD1002D,BK-376,1
449,90455,CR RK73H2BTTD6802F,BK-701,1
450,65875,CR RK73H1JTTD1053F,BK-702,1
451,70351,CR RK73H1JTTD1692F,B-630,1
452,96394,CR RK73H1JTTD2002F,B-463,1
453,65876,CR RK73H1JTTD4023F,BK-703,1
454,94693,JP RK73Z2ETTD,B-741,1
455,74606,CR RK73B2BTTD100J,BK-092,1
456,74207,CR RK73B2BTTD162J,B-612,1
457,79967,CR RK73B2ATTD222J,B-055,1
458,79966,CR RK73B2ATTD224J,B-054,1
459,71682,CR RK73B1JTTD132J,BK-704,1
460,93772,CR RK73B1ETTP102J,BK-613,1
461,93773,CR RK73B1ETTP103J,BK-614,1
462,64867,CR RK73B1ETTP302J,BK-624,1
463,64865,CR WK73R2BTTD201J,BK-622,1
464,65878,CR WK73S2BTTD4R7J,BK-705,1
465,66065,T TRF-487(EX),CC-030,1
466,65892,IC E-L9637D013TR,K-235,1
467,64873,CPU UPD70F3577GC(A)-UEU-AX,K-206,1
468,65648,CC EMK212AB7475KGHT,F-437,1
469,63310,TR 2SAR533PFRAT100,I-333,1
470,65110,TR DTC143EUBHZGTL,I-340,1
471,98653,CR RK73H2ATTD1501F,B-347,1
472,98888,CR RK73H2ATTD6802F,BK-321,1
473,95173,CR RK73H1JTTD1501F,B-664,1
474,72635,CR RK73H1JTTD5232F,BK-307,1
475,90458,CR RK73B2ETTD621J,BK-312,1
476,72976,CR RK73B2BTTD103J,BK-016,1
477,77940,CR RK73B2BTTD122J,B-917,1
478,78074,CR RK73B2BTTD271J,B-219,1
479,78739,CR RK73B2ATTD114J,B-427,1
480,95308,CR RK73B2ATTD133J,BK-436,1
481,90038,CR RK73B1JTTD621J,B-715,1
482,64063,CR TSR16GJ222V,BR-289,1
483,65874,CR RK73B1ETTP303J,BK-706,1
484,93781,CR RK73B1ETTP473J,BK-616,1
485,65873,CR RK73B1ETTP202J,BK-707,1
486,65894,IC TLF80511TFV50,K-234,1
487,65881,AEC 25ZLJ1800MS3FG4 12.5X25,G-343,1
488,65839,PCB CU-22(2PCS/SHT),O-378,1
489,64977,FET P85FG6EAL-5071,I-336,1
490,65877,CR WK73S2BTTD9R10F,BK-708,1
491,65893,SR PSR500HTQFF0L50,BK-709,1
492,65836,AL SUBSTRATE CU-22,O-379,1
493,67874,CN 33P CU-17,V-269,1
494,65792,CN IMSA-13046B-05Y500,V-197,1
495,65820,AL CASE CU-22,CCC-124,1
496,63329,JP RK73Z1ETTP,BK-621,1
497,62965,AEC UCD1C221MCL1GS,G-281,1
498,76162,AEC UWT1C221MCL1GS,G-329,1
499,65914,CC EMK105B7104KVHF,F-444,1
500,65801,CC GCM155R71H472KA01D,F-438,1
501,66490,DI M1FS6-6063,H-634,1
502,65809,TR RT1N231M-T111-1,I-374,1
503,91648,CR RK73H1JTTD3303F,BK-757,1
504,94909,CR RK73B2ETTD162J,B-798,1
505,70087,CR RK73B2ATTD183J,B-290,1
506,66634,T TRF-487A(EX),CC-031,1
507,65814,IC MCD233QFP-7002,K-232,1
508,65812,CPU UPD70F3576GCA-UEU-AX,K-233,1
509,66286,CC EMK212B7225KGHT,F-459,1
510,93819,CC GCM21BR11E105KA42L,F-294,1
511,98962,CR RK73B1JTTD201J,BK-278,1
512,93777,CR RK73B1ETTP333J,BK-630,1
513,65479,ZD UDZVFH TE-17 30B,H-594,1
514,66844,PCB CU-25(2PCS/SHT),O-435,1
515,66845,FET P94FG5R5SL-5071,I-392,1
516,65813,FET P90FG5R5SL-5071,I-371,1
517,65807,IGBT RGPZ10BM40FHTL,I-372,1
518,66843,AL SUBSTRATE CU-25,O-434,1
519,65470,CC GCM155R71E473KA40D,F-347,1
520,65810,FET INJ0312AC1-T112-1,I-370,1
521,91912,CR RK73H2ATTD4702D,BK-619,1
522,73343,CR RK73B2ETTD100J,B-928,1
523,65808,IC BD450M5FP-CE2,K-231,1
524,92685,CC GCM188R11H104KA42D,F-289,1
525,66977,FET 2SK2857C(0)-T1-AZ,I-394,1
526,63447,TR RT3T11M-T111-1,I-281,1
527,63444,TR RT2N03M-T111-1,I-280,1
528,65811,FET INK0210AC1-T112-1,I-375,1
529,64866,CR SG732BTTD300K,BK-623,1
530,67006,CR WCR32-201JV,BR-276,1
531,65217,ZD UDZVFH TE-17 9.1B,H-585,1
532,65790,PCB CU-21(2PCS/SHT),O-374,1
533,64878,CN IMSA-13030B-07Y500,V-172,1
534,65653,RESIN CASE CU-17,AAA-113,1
535,65654,COVER CU-17,X-024,1
536,62968,AEC UCD1E101MCL1GS,G-206,1
537,61702,AEC EMZA250ARA470MF61G,G-307,1
538,65082,AEC EMVE350ARA220MF55G,G-327,1
539,64872,AEC EMZA350ARA101MF80G,G-311,1
540,65816,AEC ECST250ETD272MK25S,G-342,1
541,62972,AEC UCD1E470MCL1GS,G-293,1
542,66055,AEC UCD1V101MCL6GS,G-347,1
543,66447,CC UMK212B7104KGHT,F-460,1
544,66482,CC EMK105B7103KVHF,F-469,1
545,66616,CC TMK105B7473KVHF,F-478,1
546,66483,CC EMK107B7224KAHT,F-472,1
547,64050,CR RK73B2ATTD224J,BK-806,1
548,93671,IC BA2904FVM-TR,K-149,1
549,93670,IC BA2903FVM-TR,K-148,1
550,66956,CC UMK107B104KAHT,F-482,1
551,72949,DI DG0R7V60-5063R,H-343,1
552,67644,CR WK73S2BTTD20LJ,BK-834,1
553,67510,CR WK73R2BTTD472J,BK-817,1
554,67635,PCB ADP-89(6PCS/SHT),O-467,1
555,67538,DI SG40TC10M-5600,H-652,1
556,91186,CN 6188-0804,V-118,1
557,67621,AL CASE ADP-89,CCC-182,1
558,96242,PH SC M3X6 FE ZN3,Q-026,1
559,67612,BACK COVER ADP-89,X-042,1
560,93957,SILICONRUBBER TSE322S 333ML,YA-004,1
561,67517,AEC 100HVH15M+P,G-387,1
562,64757,CC GCM188R72A102KA01D,F-521,1
563,67518,AEC 25HVH150M+P,G-388,1
564,67519,CC GCM188R72A104KA49D,F-510,1
565,92700,CC GCM188R11H472KA01D,F-358,1
566,65013,CC GCM31CC71H475KA49L,F-311,1
567,92703,CC GCM188R11H103KA01D,F-288,1
568,65405,CC GCM31CR71C106KA49L,F-442,1
569,63835,CC GCM1882C1H102JA01D,F-286,1
570,79089,DI D1FJ10-5053,H-654,1
571,65650,DI L1SS355T1G,H-617,1
572,67637,FET RSJ250P10FRATL,I-402,1
573,67474,FET TK33S10N1Z/LXHQ(O,I-405,1
574,67476,FET RSR010N10FHATL,I-404,1
575,67477,FET RSQ015P10FRATR,I-403,1
576,67475,FET TJ60S04M3L/LXHQ(O,I-409,1
577,96395,CR RK73H1JTTD2202F,B-464,1
578,96198,CR RK73H2ATTD4703F,BK-828,1
579,74821,CR RK73H2ATTD1003F,B-789,1
580,67465,CR WK73R2BTTD100J,BK-815,1
581,91913,CR RK73H2ATTD5101D,BK-829,1
582,62373,CR RK73H1JTTD3000D,BK-823,1
583,61765,CR TLR3AWDTE5L00F75,BK-534,1
584,67469,CR RK73H2ATTD6803F,BK-811,1
585,95175,CR RK73H1JTTD5101F,B-555,1
586,73557,CR RK73H2ATTD1001F,B-779,1
587,79308,CR RK73H2ATTD1002F,B-319,1
588,94422,CR RK73H1JTTD1003F,B-803,1
589,62359,CR RK73H1JTTD1003D,BK-633,1
590,79315,CR RK73H2ATTD4702F,B-320,1
591,67468,CR RK73H1JTTD2203F,BK-807,1
592,71646,CR RK73H2ETTD1002F,BK-714,1
593,67467,CR RK73H1JTTD3003D,BK-808,1
594,64994,CR RK73H1JTTD2003D,BK-651,1
595,94024,CR RK73H1JTTD5601F,BK-826,1
596,74509,CR RK73H1JTTD47R0F,BK-825,1
597,67466,CR RK73H2BTTD47R0F,BK-812,1
598,94348,CR RK73H1JTTD1102D,BK-822,1
599,73861,CR RK73H2BTTD1001F,B-610,1
600,67470,CR RK73H1JTTD6203D,BK-809,1
601,67638,NTC NCU18WM154E6SRB,IP-006,1
602,67472,IC LTC3810IG#TRA1PBF,K-264,1
603,67478,IC NJW4184U2-12A-T1(TE2),K-265,1
604,65049,IC INA200AQDGKRQ1,K-211,1
605,91955,IC BA2903FV-E2,K-258,1
606,73660,ZD ST70-27MF-4072,H-581,1
607,67473,ZD PTZTF TE25 12B,H-653,1
608,92698,CC GCM188R11H332KA01D,F-293,1
609,76468,TR DTA114EUA T106,I-218,1
610,67952,CR RK73B2BTTD6R8J,BK-872,1
611,67490,CR RK73H1JTTD8062F,BK-810,1
612,72793,JP RK73Z2ATTD,B-119,1
613,94023,CR RK73H1JTTD4702F,BK-824,1
614,95081,CR RK73H1JTTD6801F,BK-827,1
615,91366,CR RK73H1JTTD3601F,B-830,1
616,62392,CR RK73H2BTTD4702F,BK-830,1
617,65433,ZD UDZVFH TE-17 5.1B,H-609,1
618,65480,ZD UDZVFH TE-17 20B,H-595,1
619,62347,CL LBTM012120NP-B1E,HH-019,1
620,67614,CN 6188-0805,V-264,1
621,67636,PCB TW-96(4PCS/SHT),O-468,1
622,94875,PH TP SC M3X8 SUS B0,Q-054,1
623,67620,AL CASE TW-96,CCC-184,1
624,67613,BACK COVER TW-96,X-043,1
625,67407,AEC UCM0J221MCL1GS,G-390,1
626,66861,CC CM316X7R475K50AT,F-519,1
627,65823,CC CM32X7R106K50AT,F-476,1
628,65915,CC TMK105B7103KVHF,F-445,1
629,67104,CC GCM1552C1H3R0BA01D,F-520,1
630,65437,CC GCM1881C1H471JA01D,F-331,1
631,65011,CC GCM188R71H224KA49D,F-308,1
632,67520,CC GRT1555C1H221JA02D,F-511,1
633,67522,CC GRT1555C2A470JA02D,F-513,1
634,67322,CC GRT155R71H104KE01D,F-491,1
635,67524,CC GRT1885C2A560JA02D,F-515,1
636,66617,CC TMK105B7223KVHF,F-477,1
637,65815,CC UMK105B7471KVHF,F-470,1
638,66479,CC UMK105B7472KVHF,F-471,1
639,63318,CR TSR16GJ472V,BR-130,1
640,66450,CC UMK105B7103KVHF,F-462,1
641,68059,DI 1SS400SMFHT2R,H-673,1
642,67396,DI D3CE60V-5063,H-655,1
643,67589,DI RB751SM-40FHT2R,H-656,1
644,68062,DI RBR3MM60ATFTR,H-674,1
645,68063,DI RF05VYM2SFHTR,H-675,1
646,67440,CL ACT1210-510-2P-TL00,HH-018,1
647,68067,CL ETQP4M470YFN,HH-020,1
648,93591,JP TSR6GTR00V,BK-584,1
649,67514,TR 2SA1774EBHZGTLR,I-406,1
650,67515,TR 2SC4617EBHZGTLR,I-407,1
651,67929,TR DTA114EUBHZGTL,I-416,1
652,67406,CR ESR03EZPJ620,BR-333,1
653,68129,CR RK73B1ETTP201J,BK-875,1
654,67619,CR RK73B1ETTP203J,BK-876,1
655,68131,CR RK73B1ETTP362J,BK-877,1
656,68134,CR RK73H1ETTP1301F,BK-878,1
657,68135,CR RK73H1ETTP1801F,BK-879,1
658,68136,CR RK73H1ETTP2003F,BK-880,1
659,68137,CR RK73H1ETTP3302F,BK-881,1
660,68138,CR RK73H1ETTP5101F,BK-882,1
661,68130,CR SG732ATTD1R0K,BK-883,1
662,67500,CR SG732ETTD1R0K,BK-814,1
663,61691,CR TSR16GJ101V,BK-535,1
664,63317,CR TSR16GJ102V,BR-129,1
665,61692,CR TSR16GJ103V,BK-536,1
666,65885,CR TSR16GJ202V,BR-367,1
667,65884,CR TSR16GJ302V,BK-720,1
668,66057,CR TSR16GJ333V,BK-718,1
669,67502,CR TSR16GJ471V,BR-326,1
670,62741,CR TSR3GTD1002V,BR-131,1
671,64347,CR TSR3GTF273V,BR-335,1
672,97163,CR TSR3GTF302V,BK-542,1
673,97212,CR TSR3GTF4321V,BR-336,1
674,61248,CR TSR3GTJ201V,BK-719,1
675,61549,CR TSR3GTJ204V,BK-591,1
676,65116,CR TSR6GTD393V,BR-135,1
677,67507,CR TSR6GTF1181V,BR-331,1
678,61064,CR TSR6GTF823V,BR-342,1
679,93687,CR TSR6GTJ183V,BK-722,1
680,66007,CR TSR6GTJ393V,BK-721,1
681,67508,CR TSR8GTJ473V,BR-332,1
682,67509,CR WK73R2BTTD162J,BK-816,1
683,67471,CPU UPD70F3584GJA1-GAE-AX,K-263,1
684,68060,IC BA2903YFVM-CTR,K-279,1
685,67392,IC BA3472YFVM-CTR,K-269,1
686,66967,IC BR93H76RFVM-2CTR,K-246,1
687,67991,IC L6491DTR,K-281,1
688,67424,IC LM4040QCEM3-2.5 NOPB,K-270,1
689,68066,IC NJW4140R-T1(TE2),K-280,1
690,68064,IC TC7WZ08FK/LJ(CT,K-283,1
691,68065,IC TC7WZ14FK/LJ(CT,K-282,1
692,90465,IC TLE4729G,K-146,1
693,67112,IC TLE7250G,K-272,1
694,67408,QCU CX3225GA16000D0PTWCC,AA-025,1
695,66034,ZD EDZVFHT2R5.6B,H-636,1
696,63953,ZD RSB18F2FHT106,H-657,1
697,63763,CC GCM1882C1H221JA01D,F-338,1
698,67525,CC GRT188R72A103KE01D,F-516,1
699,67516,TR DTC114EEBHZGTL,I-408,1
700,68132,CR RK73B1JTTD1R0J,BK-884,1
701,68133,CR RK73B1JTTD2R0J,BK-885,1
702,68127,CR RK73G1JTTD1801C,BK-886,1
703,68128,CR RK73G2ATTD4022C,BK-887,1
704,68140,CR RK73H1JTTD3902F,BK-888,1
705,68123,CR SG731JTTD330K,BK-889,1
706,66618,CR SG73P2BTTD243J,BK-771,1
707,68141,CR SR732ATTDR12J,BK-890,1
708,67501,CR TSR16GJ104V,BR-325,1
709,97094,CR TSR3GTF1001V,BK-538,1
710,66004,CR TSR3GTF2003V,BR-334,1
711,67504,CR TSR3GTF2101V,BR-328,1
712,62820,CR TSR3GTF223V,BR-352,1
713,97215,CR TSR3GTF512V,BR-337,1
714,64200,CR TSR3GTJ513V,BR-339,1
715,98866,CR TSR6GTF393V,BR-340,1
716,64245,CR TSR6GTF6981V,BR-341,1
717,61552,CR TSR6GTJ302V,BR-344,1
718,62749,CR TSR6GTJ331V,BR-368,1
719,61460,CR TSR6GTJ362V,BR-345,1
720,68126,CR TSR6GTJ911V,BR-369,1
721,67664,CR WK73R2BTTD110J,BR-349,1
722,67511,CR WK73S2BTTD3R90F,BK-818,1
723,65543,ZD UDZVFH TE-17 24B,H-603,1
724,68061,ZD YFZVFHTR20B,H-676,1
725,67650,PCB CU-32(SUB)(2PCS/SHT),O-474,1
726,92817,CC GCM219R72A102KA01D,F-522,1
727,67572,CC HMK316B7474KLHT,F-517,1
728,67573,CC HMK325B7225KMHP,F-518,1
729,67031,FET IPB180N10S4-02,I-410,1
730,61177,CR TSR6GTJ102V,BK-359,1
731,61501,CR TSR6GTJ104V,BR-343,1
732,97582,CR TSR6GTJ473V,BK-501,1
733,64437,CR SG732ATTD150K,BK-831,1
734,63745,CR SG732ATTD470K,BK-832,1
735,61908,CR SG732BTTD6R8K,BK-833,1
736,64992,SR WSLP27261L000FEA,BK-644,1
737,65032,ZD RSB18VFHTE-17,H-579,1
738,67651,AL SUBSTRATE CU-32(MAIN),O-475,1
739,68529,AL CASE CU-19,CCC-209,1
740,61283,CN ASSY 21P CU-11,V-137,1
741,67032,AEC ECST101ELL301ML25S,G-389,1
742,66619,AEC RVS1T101MF80UQ-R2,G-359,1
743,65073,CC GCM188R71H222KA01D,F-323,1
744,97758,CR RK73B1JTTD204J,B-289,1
745,95970,CR RK73B1JTTD222J,B-485,1
746,78619,CR RK73B2ATTD362J,BK-774,1
747,67566,CR TSR3GTF1783V,BR-322,1
748,67513,IC BR93H76RFVT-2CE2,K-261,1
749,66615,CC TMK212B7105KGHT,F-479,1
750,73473,CR RK73H2ATTD6981F,B-408,1
751,66134,CR TSR8ETJR33V,BR-255,1
752,66955,CR RK73H2ATTD1181F,BK-784,1
753,61486,CR TSR4GTF3R9V,BR-132,1
754,67646,PCB CU-26(SUB)(2PCS/SHT),O-470,1
755,67373,SR PSG4NTEB1L00F,BK-805,1
756,67647,AL SUBSTRATE CU-26,O-469,1
757,67574,AL CASE CU-19(PROGRESS),CCC-183,1
758,67648,CN 3P5P CU-26,V-263,1
759,66973,AEC UHD1E242MHDBBV,G-365,1
760,72267,JP RK73Z2BTTD,BK-010,1
761,63534,FET INK0210AP1-T111-1,I-415,1
762,68316,AL SUBSTRATE CU-26P1,O-495,1
763,67898,CC GRT188R71H472KE01D,F-525,1
764,67884,CC TMK316AB7106KLHT,F-526,1
765,67887,CC CM316X7S475K100AT,F-527,1
766,92826,CC GCM21BR72A103KA01L,F-371,1
767,67946,DI RB088LAM100TFTR,H-667,1
768,67889,DI D5FY10ST-5063R,H-666,1
769,67888,FET P20B12SL-5071,I-414,1
770,67886,COIL TMPA1005SV-100MN-D,CC-041,1
771,67885,COIL TMPA1005SV-101KN-D,CC-042,1
772,67899,CR SG73P2ATTD391J,BK-867,1
773,62207,CR SG73P2ATTD220J,BK-858,1
774,64198,CR TSR3GTJ223V,BK-743,1
775,67900,CR SG73P2BTTD101J,BK-859,1
776,67892,CR WLCR32-R15FV,BR-359,1
777,67901,CR SG73P2BTTD102J,BK-860,1
778,67911,CR WK73S2BTTD1R20D,BK-861,1
779,67912,CR WK73S2BTTD1R30D,BK-862,1
780,67891,SR PSR100KTQFH1L00,BR-363,1
781,67895,FUSE 0437007.WRA,Z-008,1
782,67876,AL SUBSTRATE CU-33(MAIN),O-482,1
783,67323,CC GRT155R71H102KE01D,F-489,1
784,67324,CC GRT155R71H103KE01D,F-490,1
785,67325,CC GRT155R71C103KE01D,F-485,1
786,67330,CC GRT155R71H472KE01D,F-493,1
787,67326,CC GRT155R71H471KE01D,F-492,1
788,67331,CC GRT155R71C224KE01D,F-487,1
789,67902,CC GRT188R71H102KE01D,F-528,1
790,67320,CC GRT1555C1H201JA02D,F-484,1
791,67328,CC GRT21BR71C225KE01L,F-495,1
792,67894,CC HMK316B7105KLHT,F-529,1
793,67316,FET P16B6SB-5071,I-396,1
794,67317,FET P40B6SL-5071,I-397,1
795,67930,TR DTC123EUBHZGTL,I-417,1
796,66969,TR RT1N14BM-T111-1,I-393,1
797,97139,CR TSR3GTF2001V,BK-540,1
798,67904,CR TSR3GTF683V,BR-360,1
799,93776,CR RK73B1ETTP332J,BK-787,1
800,67906,CR TSR3GTF1873V,BR-361,1
801,67907,CR RK73H1JTTD2000D,BK-863,1
802,65534,CR RK73H1JTTD1602D,BK-864,1
803,62372,CR RK73H1JTTD2702D,BK-865,1
804,67914,CR RK73B1ETTP221J,BK-866,1
805,90131,CR TSR6GTJ363V,BR-362,1
806,67908,IC MCA301F-5072,K-275,1
807,69055,IC LM2904BQDGKRQ1,K-323,1
808,69054,IC LM2903BQDGKRQ1,K-322,1
809,93592,JP TSR8GTR00V,BR-358,1
810,67923,CC GRT1885C1H221JA02D,F-531,1
811,67327,CC GRT155R71E473KE01D,F-488,1
812,67329,CC GRT188R71E105KE13D,F-494,1
813,67291,CR WCR32-331FV,BR-282,1
814,67007,CR WCR32-331JV,BR-277,1
815,66953,CR ACR104-302JV,BR-274,1
816,66951,CR ACR104-102JV,BR-272,1
817,66954,CR ACR104-103JV,BR-275,1
818,66952,CR ACR104-473JV,BR-273,1
819,67881,PCB CU-33(SUB)(2PCS/SHT),O-483,1
820,68505,AEC EMZA350ARA100ME61G,G-404,1
821,68506,AEC EMZA250ARA100MD61G,G-405,1
822,68396,CC GRT155C71A105KE13D,F-552,1
823,68248,CC GRT155R71H473KE01D,F-534,1
824,67634,CC GRT21BR71H105KE01L,F-553,1
825,65483,DI D1FM3-5053,H-693,1
826,68384,DI D1FT6-5053,H-694,1
827,68380,DI BAV70HMFHT116,H-692,1
828,62040,JP RK73Z1JTTD,BK-904,1
829,62041,JP RK73Z2ATTD,BK-903,1
830,62169,CR SG73P2ATTD100J,BK-930,1
831,66957,CR RK73H2ATTD1002D,BK-928,1
832,68247,CR RK73H1ETTP1692F,BK-894,1
833,71856,CR RK73B2ATTD302J,BK-107,1
834,94217,CR RK73B2ATTD162J,BK-942,1
835,67107,CR RK73B1ETTP104J,BK-902,1
836,68402,CR SG73P2ATTD300J,BK-931,1
837,68498,IC BV1LB150FJ-CE2,K-301,1
838,68234,IC BM2LB300FJ-CE2,K-285,1
839,68238,CPU R7F7010213AFP,K-289,1
840,68168,IC MCD248QFP-7002,K-287,1
841,65910,IC AS358MMTR-G1,K-237,1
842,66968,IC AS393MMTR-G1,K-247,1
843,65497,ZD UDZVFH TE-17 3.0B,H-695,1
844,65780,ZD UDZVFH TE-17 27B,H-663,1
845,65432,ZD UDZVFH TE-17 6.8B,H-600,1
846,68370,SPACER CU-36,QQ-009,1
847,68398,CC GRT1555C1H102JA02D,F-551,1
848,68376,FET INJ0011AC1-T112-1,I-423,1
849,90280,CR RK73H2ATTD4702D,BK-929,1
850,68394,CR TSM8GTJ201V,BR-373,1
851,61997,CR RK73B1JTTD102J,BK-940,1
852,68243,CR RK73H1ETTP1502F,BK-898,1
853,68244,CR RK73H1ETTP1501F,BK-897,1
854,68231,CR RK73B1ETTP621J,BK-901,1
855,68507,CR RK73B1ETTP682J,BK-941,1
856,68381,IC NCV4274CDT50RKG,K-290,1
857,68496,AEC EKYC250ETD202MK20S,G-403,1
858,68157,FET MG031B090004A-7101,I-422,1
859,68494,PCB CU-35(2PCS/SHT),O-505,1
860,68347,CN IMSA-13077B-39Y501,V-280,1
861,68415,AL CASE CU-35,CCC-207,1
862,68254,CC GRT155C71A225KE13D,F-537,1
863,68495,PCB CU-35(2PCS/SHT),O-506,1
864,68432,AL CASE CU-35,CCC-208,1
865,65957,CC GCM21AR72E102KX01D,F-571,1
866,70812,CR SG732BTTD150K,BK-960,1
867,68585,CR SG732BTTD470K,BK-961,1
868,68605,AL SUBSTRATE CU-39A,O-518,1
869,93812,CC GCM1552C1H471JA01D,F-565,1
870,68576,CC GCM1555C1H100JA16D,F-566,1
871,68577,CC GCM188R71C105KA64D,F-568,1
872,68578,CC GCM188R72A102KA37D,F-569,1
873,68019,CC GRT1555C1H101JA02D,F-543,1
874,66451,CC UMK105B7222KVHF,F-463,1
875,68562,DI DA228UMFHTL,H-704,1
876,61649,CR RK73B1ETTP101J,BK-952,1
877,68232,TR BCX19HZGT116,I-420,1
878,68490,TR DTA114EEBHZGTL,I-432,1
879,93684,TR UMX1NFHATR,I-429,1
880,93774,CR RK73B1ETTP222J,BK-615,1
881,93783,CR RK73B1ETTP752J,BK-954,1
882,93784,CR RK73H1ETTP1002D,BK-675,1
883,68583,CR RK73H1ETTP2002F,BK-958,1
884,94345,CR RK73H1JTTD1001D,BK-317,1
885,90699,CR RK73H1JTTD2702F,BK-794,1
886,94020,CR RK73H1JTTD3001F,BK-340,1
887,68579,CR WK73R2BTTD3901F,BK-962,1
888,68466,CPU R7F7016123AFP-C,K-294,1
889,68491,IC BD41041FJ-CE2,K-303,1
890,68233,IC BM2LB150FJ-CE2,K-286,1
891,68235,IC BR93H86RFVM-2CTR,K-284,1
892,66252,QCU NX3225GB16.000MHZ,AA-027,1
893,68323,ZD RSB18UM2FHTL,H-697,1
894,65990,ZD UDZVFH TE-17 4.7B,H-647,1
895,68575,CC GCM1885C2A221JA16D,F-567,1
896,65955,CC GCM188R72A103KA01D,F-570,1
897,68420,FET RSR015P06HZGTL,I-431,1
898,68242,CR RK73B1ETTP204J,BK-899,1
899,68581,CR RK73B1ETTP474J,BK-953,1
900,97755,CR RK73B1JTTD513J,B-286,1
901,79906,CR RK73B2ATTD911J,BK-956,1
902,72644,CR RK73B2BTTD473J,B-834,1
903,68582,CR RK73H1ETTP1002F,BK-957,1
904,95110,CR RK73H1JTTD2003F,B-618,1
905,72572,CR RK73H1JTTD2101F,B-708,1
906,94022,CR RK73H1JTTD4321F,BK-959,1
907,98652,CR RK73H2ATTD3902F,B-346,1
908,98566,CR RK73H2ATTD8202F,B-345,1
909,64915,CR SG732ETTD2R2K,BK-798,1
910,66962,CR WK73R2BTTD471J,BK-786,1
911,68580,CR WK73R2BTTD511J,BK-963,1
912,68114,ZD KDZVTFTR18B,H-677,1
913,68604,PCB CU-39A(4PCS/SHT),O-515,1
914,68664,AL CASE CU-38,CCC-220,1
915,61573,AEC UWT1V100MCL1GB,G-397,1
916,68474,AEC UCV1E331MCL1GS,G-401,1
917,68443,AEC UCV1V221MCL1GS,G-402,1
918,68116,CC UMK105B7104KVHF,F-540,1
919,68117,CC UMK105B7473KVHF,F-539,1
920,68434,CR RK73B1ETTP681J,BK-937,1
921,66452,CC UMK105B7102KVHF,F-464,1
922,61693,CR TSR16GJ473V,BK-537,1
923,61998,CR RK73B1JTTD103J,BK-908,1
924,68120,CR TSR16GJ201V,BR-370,1
925,65886,CR TSR16GJ303V,BR-371,1
926,62016,CR RK73B1JTTD472J,BK-906,1
927,62017,CR RK73B1JTTD473J,BK-905,1
928,62367,CR RK73H1JTTD2203D,BK-927,1
929,67905,CR TSR16GJ332V,BR-372,1
930,68252,T OPBC1270MB-412,CC-043,1
931,68439,IC TLE8444SL,K-295,1
932,68441,CPU R7F7010223AFP,K-298,1
933,68433,SRES CSTNE16M0VH3C560R0,F-556,1
934,68150,CC UMK107B7102KAHT,F-545,1
935,63581,DI MC2848-T111-1,H-717,1
936,68442,TR DTC113ZU3HZGT106,I-433,1
937,68236,TR 2SAR512PFRAT100,I-419,1
938,65842,CR WK73R2BTTD331J,BK-698,1
939,68601,CR RK73H2ETTD3901F,BK-964,1
940,69087,CR TSR16GJ752V,BR-399,1
941,68387,CR TSR16GJ204V,BR-377,1
942,68389,CR TSR16GJ621V,BR-379,1
943,68665,PCB CU-37(2PCS/SHT),O-519,1
944,68608,AL CASE CU-37,CCC-221,1
945,68283,INSULATION SHEET CU-34,FF-042,1
946,95469,PH SC M3X8 FE ZN3 SMW,Q-055,1
947,67939,CN 6098-8812,V-279,1
948,93569,FL BLM18HD102SH1D,FE-001,1
949,68663,CPU R7F7010213AFE,K-310,1
950,68390,CR TSR16GJ682V,BR-380,1
951,68393,CR TSR16GJ203V,BR-376,1
952,68672,PCB CU-44(2PCS/SHT),O-521,1
953,93779,CR RK73B1ETTP471J,BK-966,1
954,68153,CC UMK107B7104KAHT,F-542,1
955,69043,AEC EMZJ160ARA221MF80G,G-418,1
956,69045,CC GRT1555C1H4R7CA02D,F-596,1
957,69048,CC TMK325B7226KMHP,F-598,1
958,68378,IGBT RGPR30BM40HRTL,I-425,1
959,61949,CR RK73H1ETTP1502D,BK-993,1
960,90252,CR RK73H2ATTD1002D,BK-871,1
961,69047,CR RK73H2ETTD3001F,BK-994,1
962,69046,CR RK73H1JTTD2103D,BK-995,1
963,69042,CPU MCD253QFP(RAA2990024M31JFP),K-321,1
964,69044,CC GRT188R71E224KE01D,F-597,1
965,69023,PCB CU-45(4PCS/SHT),O-534,1
966,69235,AEC UPW1E242MHDDBVTO,G-431,1
967,68970,AL CASE CU-45,CCC-234,1
968,96701,SCR T70 CGV40 ASSY 4000,J-050,1
969,96706,SCR T50 CGV32H ASSY,J-049,1
970,79007,TR 2SA1330-T2B-A S6,I-013,1
971,96828,TR RN1302(TE85R/F),I-093,1
972,79071,DI S1ZB60-7062,H-049,1
973,70308,DI 1SS306(TE85R/F),H-001,1
974,96909,DI 1SS376 TE-17,H-110,1
975,74776,AEC EMVJ160ARA220ME60G,G-121,1
976,79412,CC CM21X7R104K25AT,F-051,1
977,65343,CC GCM31MR72A333MA01L,F-356,1
978,65476,ZD UDZVFH TE-17 6.2B,H-590,1
979,65477,ZD UDZVFH TE-17 7.5B,H-591,1
980,65920,ZD UDZVFH TE-17 7.5A,H-642,1
981,98059,CR RD412ESTTE472J,B-229,1
982,90114,CR RK73H2BTTD1601F,B-728,1
983,94160,CR RK73H2BTTD2001F,B-479,1
984,74181,CR RK73H2ATTD2001F,B-297,1
985,98804,CR RK73H2ATTD5621F,B-343,1
986,98669,CR RK73B2ATTD241J,B-744,1
987,73432,CR RK73B2ATTD822J,B-116,1
988,79382,CR RK73B2ATTD301J,B-420,1
989,98038,AL SUBSTRATE SH656,O-114,1
990,71708,TERMINAL SH634,L-021,1
991,62882,EPOXYRESIN SN530A 25KG/CAN*,S-043,1
992,62883,HARDENER SN530B 25KG/CAN*,SS-023,1
993,98046,AL CASE SH656,CCC-035,1
994,73535,CN SH620 GREEN,V-044,1
995,65299,CC GCM21BR11E104KA01L,F-407,1
996,65342,CC GCM31MR72A223MA01L,F-355,1
997,90549,CR RK73H2ATTD7681F,B-771,1
998,65328,CC GCM319R72A103MA01D,F-354,1
999,94067,CR RK73H2ATTD8661F,B-772,1
1000,74977,SCR C5E40-7071,J-021,1
1001,65430,ZD UDZVFH TE-17 7.5C,H-613,1
1002,73328,AEC EMVJ250ARA220MF60G,G-114,1
1003,95786,CR RK73H2ATTD5491F,BK-275,1
1004,98057,CR RD412ESTTE332G,B-227,1
1005,98058,CR RD412ESTTE273J,B-228,1
1006,98060,AL SUBSTRATE SH634A,O-095,1
1007,73289,TERMINAL SH707(GLORIA),L-147,1
1008,96854,AL CASE SH634,CCC-010,1
1009,71657,CN SH634 BLACK,V-015,1
1010,72306,TR 2SA1330-T2B-A S7,I-006,1
1011,67132,TR 2SD2351T106W,I-395,1
1012,64572,DI DA4X106UZR,H-643,1
1013,64503,ZD DZ2J068MZL,H-522,1
1014,90938,ZD UDZS TE-17 9.1B,H-304,1
1015,90636,ZD UDZS TE-17 20B,H-297,1
1016,90182,CC GCM188R11H223KA01D,F-292,1
1017,98550,CC CM21X7R224K25AT,F-069,1
1018,73518,CR RK73H2ATTD2212F,B-470,1
1019,74015,CR RK73H2ATTD6201F,B-625,1
1020,97931,CR RK73B2BTTD301J,B-465,1
1021,77656,CR ERJP08D2211V,B-627,1
1022,77489,CR RD412ETTE622J,B-626,1
1023,78261,CR RK73B2BTTD203J,B-586,1
1024,77474,AL SUBSTRATE SH714A,O-173,1
1025,91394,CR RK73H1JTTD1912F,B-816,1
1026,96807,CR RK73H2ATTD7501F,B-231,1
1027,98064,ZD RD5.6S-T1-A B2,H-174,1
1028,73083,CR RK73H2ATTD6191F,B-592,1
1029,78939,TR 2SC4181-T1-A S8,I-200,1
1030,92831,CC GCM319R72A103KA02D,F-223,1
1031,91651,CR ESR18EZPD1601,B-838,1
1032,91652,CR ESR18EZPD2001,B-839,1
1033,98931,CR RK73H1JTTD9101F,B-872,1
1034,79832,CR RK73B2BTTD303J,B-757,1
1035,95323,CR RK73B1JTTD223J,B-446,1
1036,91645,AL SUBSTRATE SH756AA,O-222,1
1037,95148,TR 2SC4505-T100P/Q,I-154,1
1038,91083,TR 2SA1759 T100P/Q,I-202,1
1039,91082,TR 2SA1576A T106R/S,I-203,1
1040,65478,ZD UDZVFH TE-17 43,H-592,1
1041,65307,CC GCM21BR11E473KA01L,F-353,1
1042,70573,AEC EMVJ350ARA100ME60G,G-111,1
1043,91770,CC CF316X7R333K250AT,F-213,1
1044,90611,CR SG732BTTD471K,B-760,1
1045,90610,CR RK73H2ETTD5602F,B-759,1
1046,78622,CR RK73B2ATTD104J,BK-109,1
1047,90616,CR ERJP08D3011V,B-761,1
1048,90609,CR RK73H2BTTD3601F,B-758,1
1049,78885,CR RK73H2ATTD2552F,B-823,1
1050,90618,CR ERJP08D1002V,B-762,1
1051,71568,CR SG732BTTD511K,B-568,1
1052,78224,CR RK73B2BTTD243J,B-756,1
1053,96396,CR RK73H2ATTD1332F,B-824,1
1054,78938,CR ERJP08D4301V,B-783,1
1055,91804,CR ESR18EZPJ123,B-867,1
1056,74878,CR RK73B2ETTD183J,B-868,1
1057,96738,SCR T50 CGV32 ASSY 4000,J-051,1
1058,92062,AL SUBSTRATE SH742AA,O-232,1
1059,70654,AL CASE SH703,CCC-050,1
1060,93880,IC MCA167(R2S25409SPW0),K-131,1
1061,74773,TR RN1304(TE85R/F),I-114,1
1062,65590,DI DAN202UMFHTL,H-605,1
1063,68719,ZD UDZVFH TE-17 2.4B,H-746,1
1064,90717,AEC EMVJ160ARA470MF60G,G-171,1
1065,61704,CC CM105X7R474K25AT,F-241,1
1066,61839,CC CM21X7R475K16AT,F-246,1
1067,62861,CR LTR18EZPJ471,BR-083,1
1068,64662,CR ESR10EZPJ152,BR-116,1
1069,94506,CR RK73H1JTTD4322F,B-488,1
1070,93977,CR RK73H1JTTD4531D,B-972,1
1071,91529,CR RK73B2BTTD475J,BK-403,1
1072,95083,CR RK73B1JTTD153J,B-522,1
1073,62658,CR RK73H1JTTD4532D,BK-395,1
1074,94103,CR RK73B1JTTD562J,B-897,1
1075,62659,CR KTR18EZPJ333,BR-081,1
1076,62657,CR LTR18EZPJ431,BR-080,1
1077,93876,CR ESR18EZPJ511,B-959,1
1078,62783,CR RK73H1JTTD1101D,BK-397,1
1079,93892,TR UMD3NTR,I-225,1
1080,65234,CC GCM1882C2A330JA01D,F-351,1
1081,93944,CC GCM1882C1H471JA01D,F-362,1
1082,62865,CR RK73H2ATTD3921D,BK-405,1
1083,62654,CR LTR18EZPJ273,BR-077,1
1084,95533,CR RK73H1JTTD4751D,BK-401,1
1085,72532,CR RK73H1JTTD5492F,B-633,1
1086,64664,CR ESR10EZPD4302,BR-118,1
1087,64663,CR ESR10EZPJ103,BR-117,1
1088,66892,PCB SH789(12PCS/SHT),O-439,1
1089,73655,ZD ST70-27F-7072,H-378,1
1090,78402,CR RK73B2ATTD562J,BK-067,1
1091,61112,SCR 50 CGV32H ASSY,J-052,1
1092,95069,CONNECT TERMINAL TR500,L-170,1
1093,62641,AL SUBSTRATE SH789,O-314,1
1094,62727,AL CASE SH789,CCC-083,1
1095,64423,CN 4P AL-TYPE BLACK,V-164,1
1096,62866,CR RK73H2ATTD5901D,BK-406,1
1097,63196,CN 4P AL-TYPE NATURAL,V-146,1
1098,95147,TR 2SA1759 T100P,I-153,1
1099,90617,TR 2SC4505 T100Q,I-226,1
1100,94323,ZD UDZS TE-17 6.8B,H-441,1
1101,64860,CR RK73H2ATTD4121D,BK-612,1
1102,79597,CN 4P AL-TYPE BLUE,V-011,1
1103,78878,CR RK73H2ATTD5761F,B-795,1
1104,95425,CR RD412ESTTE202J,B-451,1
1105,98396,CR RD412ESTTE222G,B-338,1
1106,79169,CONNECT TERMINAL HIC C,L-020,1
1107,90328,AL SUBSTRATE SH812,O-287,1
1108,73414,CR RK73H2ATTD6341F,B-778,1
1109,65499,ZD UDZVFH TE-17 6.8C,H-602,1
1110,65302,CC GCM21BR11E224KA01L,F-608,1
1111,94408,CR RK73H2ATTD5231F,B-643,1
1112,64438,TR INA6005AP1-T111-1W,I-327,1
1113,64439,TR INC6005AP1-T111-1W,I-328,1
1114,74771,TR UMG9NTR,I-251,1
1115,66840,ZD UDZVFH TE-17 13C,H-645,1
1116,64766,CC GCM188R11E473KA01D,F-333,1
1117,92702,CC GCM188R11H682KA01D,F-334,1
1118,65301,CC GCM21BR11E154KA01L,F-588,1
1119,63834,CC GCM1882C1H331JA01D,F-339,1
1120,78220,CR RK73B2BTTD153J,B-936,1
1121,64661,CR ESR18EZPJ681,BR-115,1
1122,62655,CR LTR18EZPJ680,BR-078,1
1123,93874,CR RK73H2ATTD4751D,B-957,1
1124,93877,CR KTR10EZPJ514,B-960,1
1125,63220,CR RK73H1JTTD4302D,BK-426,1
1126,62784,CR RK73H2ATTD3481D,BK-398,1
1127,62660,CR LTR18EZPJ511,BR-082,1
1128,90505,CR RK73H1JTTD3001D,BK-427,1
1129,62689,TERMINAL IPS-4100T-01Y900,L-203,1
1130,96699,DI 50 CSV29L ASSY 4000,H-447,1
1131,64843,AEC ECST250ELL332AM20Q,G-325,1
1132,62277,AL SUBSTRATE SH818AA,O-309,1
1133,62726,AL CASE SH803,CCC-082,1
1134,63624,CN IMSA-9962B-05Y500,V-154,1
1135,63466,TR 2SA1971(T2LSIND/ZF),I-284,1
1136,63923,CR RK73H2ATTD2551D,BK-475,1
1137,93213,CR RK73H1JTTD1651D,BK-394,1
1138,64127,CR RK73H2ATTD3241D,BK-526,1
1139,90268,CR RK73H2ATTD3901D,BK-921,1
1140,62661,AEC EEUXD1E332Y,G-202,1
1141,62606,AL CASE SH818,CCC-079,1
1142,91514,AEC EMVJ500ARA100MF60G,G-155,1
1143,92774,CC GCM21BR11H333KA01L,F-360,1
1144,62250,CR ESR10EZPJ512,BR-069,1
1145,70405,CR RK73B2ATTD513J,B-182,1
1146,79877,CR RK73B2BTTD513J,B-754,1
1147,62283,CR ESR10EZPJ511,BR-109,1
1148,98486,CR RK73H2ATTD1692F,BK-452,1
1149,63296,CR ESR10EZPD6201,BR-110,1
1150,63297,CR ERJP06D6041V,BK-455,1
1151,63294,CR ESR10EZPD1502,BR-128,1
1152,62285,CR ESR18EZPD1001,BR-113,1
1153,96495,CR RK73H2ATTD2101F,B-980,1
1154,77892,CR RK73B2ATTD243J,B-353,1
1155,78873,CR RK73B2ATTD153J,B-477,1
1156,62256,CR ESR18EZPJ241,BR-074,1
1157,63293,CR LTR18EZPJ113,BK-456,1
1158,61118,SCR 70 CGV50 ASSY 4000,J-055,1
1159,95780,CONNECT TERMINALA SH693,L-124,1
1160,62144,AL SUBSTRATE SH824AA,O-305,1
1161,74374,AL CASE SH710,CCC-052,1
1162,77706,CN SH620 BLACK,V-126,1
1163,79968,CR RK73B2ATTD392J,B-056,1
1164,94194,CR RK73H2ATTD1582F,BK-608,1
1165,64595,CR ESR10EZPD3301,BR-111,1
1166,64594,CR LTR18EZPJ153,BR-114,1
1167,64863,TR 2SAR340QFRATR,I-357,1
1168,91596,TR 2SD1950-T1-AZ SL/SK,I-217,1
1169,64862,TR 2SCR341QFRATR,I-358,1
1170,65370,TR ISA2188AM1-T111-1G,I-359,1
1171,65933,DI RRE02VTM6SFHTR,H-620,1
1172,95810,DI DAP202U T106,H-217,1
1173,74763,DI DAN202U T106,H-391,1
1174,90638,ZD UDZS TE-17 7.5B,H-299,1
1175,68609,ZD UDZVFH TE-17 3.0A,H-718,1
1176,90939,ZD UDZS TE-17 18B,H-305,1
1177,62688,ZD UDZFJ TE-17 13C,H-434,1
1178,91136,ZD UDZS TE-17 10B,H-320,1
1179,64450,AEC EEEFT1C101AR,G-299,1
1180,65374,CC GCM188C71A225KE01D,F-327,1
1181,62898,CR ESR18EZPJ152,BR-136,1
1182,74633,CR RK73B2BTTD155J,BK-658,1
1183,65369,CR LTR18EZPJ822,BR-137,1
1184,65363,CR ESR18EZPJ472,BR-138,1
1185,65375,CR RK73H1JTTD1432D,BK-659,1
1186,90453,CR RK73H2BTTD3901D,BK-310,1
1187,76167,CR RK73H1JTTD4122F,B-622,1
1188,62901,CR KTR18EZPJ514,BR-084,1
1189,65362,CR ESR18EZPJ433,BR-139,1
1190,65366,CR LTR18EZPJ221,BR-140,1
1191,94096,CR RK73H1JTTD2052F,B-476,1
1192,65361,CR ESR10EZPJ1R3,BR-141,1
1193,65368,CR LTR18EZPJ130,BR-142,1
1194,65367,CR LTR18EZPJ150,BR-143,1
1195,65365,CR LTR18EZPF7R50,BR-144,1
1196,65364,CR LTR18EZPF6R80,BR-145,1
1197,65373,CR RK73H2ATTD91R0D,BK-660,1
1198,62664,CN IMSA-9962B-06Y500,V-176,1
1199,65120,AEC ECST250ELL482MM20Q,G-326,1
1200,65222,AL SUBSTRATE SH848,O-354,1
1201,65158,AL CASE SH848,CCC-112,1
1202,65600,IC MCA224F (R2A25439SPW5),K-230,1
1203,96829,TR RN2302(TE85R/F),I-126,1
1204,64874,TR FMG9AFRAT148,I-332,1
1205,68008,ZD YFZVFHTR8.2A,H-668,1
1206,65597,ZD UDZVFH TE-17 4.3B,H-608,1
1207,67605,ZD YFZVFHTR9.1B,H-671,1
1208,65296,CC GCM21BR11C334KA01L,F-433,1
1209,65247,CC GCM188R11E223KA01D,F-386,1
1210,61144,CC GCM188R11C474KA40D,F-432,1
1211,65595,CR ESR18EZPJ471,BR-198,1
1212,65601,CR ERJP08J391V,BR-195,1
1213,65593,CR ESR03EZPD3602,BR-196,1
1214,65584,CR RK73H1JTTD4221D,BK-692,1
1215,78227,CR RK73B2BTTD222J,BK-686,1
1216,90006,CR RK73B2BTTD753J,B-668,1
1217,65596,CR KTR18EZPJ754,BR-200,1
1218,65582,CR RK73H1JTTD3741D,BK-688,1
1219,65581,CR RK73H1JTTD4022D,BK-689,1
1220,65594,CR ESR18EZPJ431,BR-197,1
1221,73533,CR RK73B2BTTD682J,B-692,1
1222,65580,CR RK73B1JTTD334J,BK-690,1
1223,65603,CR LTR18EZPF4701,BR-201,1
1224,72651,CR RK73B2BTTD273J,BK-463,1
1225,64448,CR LTR18EZPJ243,BR-097,1
1226,65464,CR RK73B1JTTD822J,BK-664,1
1227,96141,CR RK73B2BTTD150J,B-752,1
1228,65602,CR ESR18EZPJ473,BR-199,1
1229,65613,AL SUBSTRATE SH850,O-369,1
1230,62895,AEC EMVJ100ARA330ME60G,G-204,1
1231,65468,AL CASE SH850,CCC-115,1
1232,66141,SCR KC5FB60H-5071,J-068,1
1233,66152,TR 2SC3439-T111-1J,I-413,1
1234,66172,TR UMA9NFHATR,I-381,1
1235,66142,DI RRE04EA6DFHTR,H-622,1
1236,67540,ZD YFZVFHTR4.3B,H-660,1
1237,67541,ZD YFZVFHTR3.0B,H-659,1
1238,67539,ZD YFZVFHTR7.5B,H-661,1
1239,65589,ZD UDZVFH TE-17 10B,H-616,1
1240,68309,AEC UCM1C101MCL1GS,G-396,1
1241,65647,CC EMK325B7226KMHT,F-443,1
1242,65281,CC GCM216R11H471KA01D,F-451,1
1243,64758,CC GCM188R71E474KA49D,F-336,1
1244,91534,CC C1608CH1H471JT,F-271,1
1245,62909,CR ERJP08J152V,BK-413,1
1246,78931,CR ERJP08J511V,B-891,1
1247,66157,CR ERJB2AJ431V,BR-222,1
1248,66161,CR ERJB2AJ221V,BR-223,1
1249,66158,CR ERJB2AJ682V,BR-224,1
1250,66231,CR RK73H1JTTD1242D,BK-735,1
1251,66273,CR RK73H2BTTD3651D,BK-738,1
1252,66160,CR ERJB2AJ471V,BR-225,1
1253,64966,CR KTR18EZPJ104,BR-226,1
1254,66159,CR ERJB2AJ362V,BR-227,1
1255,66162,CR ERJB2AJ271V,BR-228,1
1256,68216,CR RK73H1JTTD1331D,BK-892,1
1257,65358,CR ERJP06J1R3V,BR-229,1
1258,66156,CR ERJB2BJ4R3V,BR-238,1
1259,62282,CR ERJP06J511V,BK-391,1
1260,66155,CR ERJB2BFR82V,BR-239,1
1261,66154,CR ERJB2BF3R0V,BR-232,1
1262,66153,CR ERJB2BF3R3V,BR-233,1
1263,76473,CR RK73H2ATTD8200F,BK-737,1
1264,66163,CR ERJP06J1R5V,BR-234,1
1265,66274,CR RK73H1JTTD2491F,BK-739,1
1266,66165,CR ERJP08J512V,BR-235,1
1267,69275,AEC ECST250ELL632AM20Q-A,G-435,1
1268,67821,AL SUBSTRATE SH858,O-562,1
1269,66102,AL CASE SH858,CCC-128,1
1270,79404,TR 2SA1586-GR(TE85R/F),I-152,1
1271,66385,CR ERJB2AJ472V,BR-240,1
1272,90181,CR ERJP06J103V,BK-393,1
1273,65610,CR RK73H1JTTD5621D,BK-691,1
1274,66384,AEC ECST300ELL422MM20Q,G-349,1
1275,66553,SCR C12FR40D-5071,J-073,1
1276,66181,DI D10FR60V-5071,H-649,1
1277,65455,CC GCM31CR72J153KX03L,F-430,1
1278,63088,AEC UCD0J470MCL6GS,G-240,1
1279,66549,CR RK73B2BTTD134J,BK-770,1
1280,91150,CR RK73B2BTTD181J,B-787,1
1281,79335,CR RK73B2ATTD471J,B-052,1
1282,66467,CR WK73R2BTTD131J,BK-752,1
1283,90529,CR RK73H2BTTD3901F,BK-753,1
1284,64375,CR RK73H1JTTD3901F,BK-754,1
1285,73554,CR RK73B2ATTD752J,BK-755,1
1286,66423,TERMINAL SH864,L-220,1
1287,90041,CONNECT TERMINAL SH720,L-153,1
1288,66422,AL SUBSTRATE SH864,O-397,1
1289,62782,AEC UPW1E332AHDDBV,G-203,1
1290,66445,AL CASE SH864,CCC-136,1
1291,66179,SCR C8FR40H-5071,J-070,1
1292,66180,SCR C12FR40-5071,J-071,1
1293,62653,CR ERJP08J681V,BR-076,1
1294,66629,AL SUBSTRATE SH860,O-407,1
1295,66752,CR RK73H1JTTD3921D,BK-777,1
1296,62921,CR RK73H1JTTD4641D,BK-423,1
1297,91149,CR RK73B1JTTD363J,B-788,1
1298,77829,CR RK73B2BTTD512J,B-419,1
1299,66796,AL CASE SH873,CCC-140,1
1300,65224,IC MCA211F-5072,K-236,1
1301,92687,CC GCM188R11E224KA40D,F-481,1
1302,94569,CR RK73H1JTTD4991D,B-955,1
1303,91905,CR RK73H2ATTD1002D,BK-775,1
1304,96501,CR RK73B2ETTD681J,B-970,1
1305,95085,CR RK73B1JTTD221J,B-608,1
1306,65636,CR RK73H1JTTD2800D,BK-776,1
1307,66606,PCB SH872(12PCS/SHT),O-410,1
1308,66551,SCR C12FR4R-5071,J-074,1
1309,66552,DI D15FR60V-5071,H-644,1
1310,65830,CC CM32X7R226M16AT,F-480,1
1311,66607,AL SUBSTRATE SH872,O-411,1
1312,66655,CONNECT TERMINAL SH872,L-221,1
1313,95781,CONNECT TERMINALB SH693,L-125,1
1314,65785,CN SH852,V-194,1
1315,66587,AL CASE SH872,CCC-139,1
1316,66907,SPACER SH878,QQ-008,1
1317,66909,AL CASE SH859,CCC-170,1
1318,66841,ZD UDZVFH TE-17 20C,H-646,1
1319,66458,SCR C17FR4R-5071,J-076,1
1320,61705,CC CM21X7R475K10AT,F-252,1
1321,66921,CR RK73H1JTTD3090D,BK-783,1
1322,91850,CN TERMINAL SH751,L-219,1
1323,66920,AL SUBSTRATE SH846,O-442,1
1324,90094,CN FP-E-QLW2M-B,V-132,1
1325,90095,CN FP-E-QLWJ3M-GR,V-133,1
1326,66828,AL CASE SH868,CCC-168,1
1327,65625,BACK COVER SH854,X-034,1
1328,67037,CC GCM31CR71A226KE02L,F-483,1
1329,72433,CR RK73B2BTTD363J,BK-789,1
1330,67038,CR RK73H2ATTD3651D,BK-792,1
1331,67033,FL BLM18AG601SH1D,FE-005,1
1332,96703,SCR 90 CGV50 ASSY,J-058,1
1333,72302,CONNECT TERMINALA CI-05,L-006,1
1334,67013,AL SUBSTRATE SH881,O-447,1
1335,67003,AL CASE SH881,CCC-174,1
1336,93475,CN SH780,V-130,1
1337,64851,W-SOLD SN100C(031)F3%0.8,PC-015,1
1338,68734,CC GCM32DR72J473KX01L,F-616,1
1339,61497,CR TSR6GTJ471V,BR-279,1
1340,79026,CR RK73B2BTTD154J,BK-022,1
1341,61271,CR TSR4GTJ153V,BK-593,1
1342,67103,CR RK73H2ETTD1502F,BK-793,1
1343,67027,CR RK73H2BTTD5601F,BK-791,1
1344,64132,CR TSR3GTF9531V,BK-529,1
1345,64256,CR TSR6GTJ153V,BR-280,1
1346,67094,PCB SH877(9PCS/SHT),O-450,1
1347,67028,AEC UPW1E662MHDHBVLX,G-369,1
1348,67030,SCRM KR12JA40A-7000,J-078,1
1349,67012,AL CASE SH877,CCC-175,1
1350,67119,SCR C8FR40H-5071 SIPS,J-081,1
1351,92031,TR 2SD2351T106V,I-389,1
1352,64499,ZD DZ2J062MZL,H-518,1
1353,64515,ZD DZ2J091MZL,H-530,1
1354,65239,CC GCM188R11A224KA01D,F-382,1
1355,66146,CR ERJP08J103V,BR-221,1
1356,66050,CR SG732BTTD221K,BK-725,1
1357,96503,CR RK73H2ATTD3002F,B-205,1
1358,91513,CR ERJP08J153V,B-822,1
1359,66806,CR ERJP08J823V,BR-258,1
1360,66525,CR ERJP06J223V,BR-246,1
1361,62943,CR LTR18EZPJ302,BK-478,1
1362,66060,CR ERJP06F1002V,BR-216,1
1363,66527,CR ERJP06F5601V,BR-245,1
1364,66061,CR ERJP08J393V,BR-217,1
1365,66622,CR ERJP06J104V,BR-256,1
1366,94554,CR RK73H1JTTD3301F,B-709,1
1367,63855,CR ERJP08D3301V,BR-088,1
1368,66808,FL BLM21AG601SH1D,FE-004,1
1369,67134,AL SUBSTRATE SH887,O-454,1
1370,67135,AL CASE SH849,CCC-177,1
1371,67137,CN SH634 NATURAL,V-243,1
1372,66322,CR RK73H1JTTD4021D,BK-741,1
1373,95270,CR RK73H1JTTD4421D,B-580,1
1374,67138,AL SUBSTRATE SH865,O-455,1
1375,67298,CR RK73H1JTTD5361D,BK-795,1
1376,76169,CR RD412ESTTE822J,B-999,1
1377,79288,TR RN1402(TE85R/F),I-255,1
1378,93620,DI RR274EA-400TR,H-375,1
1379,65498,ZD UDZVFH TE-17 13B,H-601,1
1380,65297,CC GCM21BR11C474KA01L,F-406,1
1381,65236,CC GCM1882C2A470JA01D,F-380,1
1382,65287,CC GCM219R11A684KA01D,F-398,1
1383,65245,CC GCM188R11E153KA01D,F-385,1
1384,62891,CR SG732ETTD221K,BK-412,1
1385,62896,CR ERJP08J333V,BK-414,1
1386,62118,CR RK73H1JTTD4871D,BK-416,1
1387,62897,CR ERJP06D4752V,BK-415,1
1388,95028,CR RK73B2ATTD475J,BK-417,1
1389,62892,CR RK73H2ATTD4322D,BK-418,1
1390,62900,CR KTR10EZPJ203,BR-085,1
1391,62893,CR SG732ATTD102K,BK-419,1
1392,97807,CR RK73B2BTTD822J,B-940,1
1393,62894,CR RK73H2ATTD2741D,BK-420,1
1394,95104,CR RK73B1JTTD512J,B-679,1
1395,62887,AL SUBSTRATE SH829,O-317,1
1396,62780,AL CASE SH730,CCC-086,1
1397,63543,TR RT1N141C-T112-1,I-295,1
1398,65501,CR ESR18EZPJ333,BR-174,1
1399,65500,CR ESR10EZPJ302,BR-175,1
1400,62920,CR RK73H2ATTD4531D,BK-425,1
1401,73990,CN SH620 BLUE,V-026,1
1402,91899,CR RK73H1JTTD4701D,BK-600,1
1403,63250,CR RK73H2ATTD4641D,BK-442,1
1404,67315,TR RN2302/LXGF(T,I-411,1
1405,67839,DI 1SS300/LXGF(T,H-664,1
1406,66838,CR ERJB2AJ680V,BR-260,1
1407,66839,CR ERJB2AJ822V,BR-261,1
1408,65360,CR ERJP08J472V,BK-778,1
1409,67957,CR RK73H1JTTD9531D,BK-870,1
1410,65359,CR ERJP08J433V,BR-214,1
1411,67924,CR ERJB2AJ300V,BR-364,1
1412,67837,CR ERJB2BF7R5V,BR-355,1
1413,66835,CR ERJB2BF6R8V,BR-265,1
1414,67838,CR RK73H2ATTD1100D,BK-848,1
1415,67700,AL SUBSTRATE SH889,O-481,1
1416,62362,CR RK73H1JTTD1502D,BK-465,1
1417,66836,CR ERJB2AJ130V,BR-262,1
1418,66837,CR ERJB2AJ150V,BR-263,1
1419,65376,CR RK73H1JTTD1472D,BR-259,1
1420,66834,CR ERJB2BJ7R5V,BR-264,1
1421,66842,CR RK73H2ATTD1600D,BK-779,1
1422,68374,AL SUBSTRATE SH875,O-496,1
1423,67935,AEC UXY1E662MHWABVLX,G-415,1
1424,67384,CR RK73H1JTTD3831D,BK-797,1
1425,RPCA-001,SH561-12 PCA,RPCA-001,1
1426,98599,CONNECT WIRE 0.6PHIX20 NO.20,L-130,1
1427,71460,LEAD WIRE SH572A-12(29B),U-019,1
1428,RPCA-002,SH572A-12 PCA,RPCA-002,1
1429,RPCA-003,SH610B-12 PCA,RPCA-003,1
1430,79819,AL CASE SH582A,CCC-009,1
1431,RPCA-005,SH649-12 PCA,RPCA-005,1
1432,RPCA-007,SH663-12 PCA,RPCA-007,1
1433,70327,CN SH580 NATURAL,V-001,1
1434,RPCA-012,SH580C-12 PCA,RPCA-012,1
1435,RPCA-013,SH620B-12 PCA,RPCA-013,1
1436,70325,AL CASE SH580,CCC-001,1
1437,71349,CN SH580 BLACK,V-014,1
1438,RPCA-014,HC118A-12 PCA,RPCA-014,1
1439,90981,AL CASE SH732,CCC-061,1
1440,90980,LEAD WIRE SH732AA,U-091,1
1441,RPCA-019,SH732AA PCA,RPCA-019,1
1442,94793,MARKEMINK #7132 VIVIDORENGE,YE-001,1
1443,RPCA-024,SH640E-11 (4HM) PCA,RPCA-024,1
1444,RPCA-038,SH572E-12(19B),RPCA-038,1
1445,RPCA-032,SH561A PCA,RPCA-032,1
1446,RPCA-033,SH808BA PCA,RPCA-033,1
1447,RPCA-036,SH572F-12 PCA,RPCA-036,1
1448,RPCA-035,SH713AA PCA,RPCA-035,1
1449,RPCA-037,SH852AA PCA,RPCA-037,1
1450,CPCA-001,CF416B PCA,CPCA-001,1
1451,76638,RESIN CASE CF416,AAA-002,1
1452,CPCA-003,CI615 PCA,CPCA-003,1
1453,79589,RESIN CASE CI615,AAA-058,1
1454,76559,HOLDER CI-62(VMO),N-022,1
1455,CPCA-005,CI621A PCA,CPCA-005,1
1456,76582,RESIN CASE CF457,AAA-043,1
1457,CPCA-006,CI673 PCA,CPCA-006,1
1458,76953,RESIN CASE CI523,AAA-018,1
1459,79802,HOLDER CI680,N-057,1
1460,CPCA-007,CI680 PCA,CPCA-007,1
1461,98613,HOLDER CI699(21D),N-056,1
1462,CPCA-008,CI699 PCA,CPCA-008,1
1463,98612,RESIN CASE CI699,AAA-059,1
1464,CPCA-012,CF472B PCA,CPCA-012,1
1465,91377,HOLDER CI787(9001),N-062,1
1466,91388,RESIN CASE CI787,AAA-066,1
1467,CPCA-016,CI787 PCA,CPCA-016,1
1468,76531,RESIN CASE CF459,AAA-011,1
1469,CPCA-019,CF512L PCA,CPCA-019,1
1470,91818,HOLDER CF512L(KCJ),N-067,1
1471,CPCA-009,CI752A PCA,CPCA-009,1
1472,CPCA-015,CI794 PCA,CPCA-015,1
1473,91096,RESIN CASE CI794,AAA-064,1
1474,CPCA-010,CI766 PCA,CPCA-010,1
1475,CPCA-020,CI835 PCA,CPCA-020,1
1476,64951,AEC ECST500VSN472MQ35Q,G-332,1
1477,70240,HOLDER ADP-9(1NL),N-071,1
1478,64137,LEAD WIRE ADP-9(K15),U-153,1
1479,CPCA-014,CI780 PCA,CPCA-014,1
1480,CPCA-025,CI780B PCA,CPCA-025,1
1481,CPCA-024,CI780A PCA,CPCA-024,1
1482,CPCA-017,CI808 PCA,CPCA-017,1
1483,74526,HOLDER CI624(KY0),N-014,1
1484,CPCA-021,CI836 PCA,CPCA-021,1
1485,CPCA-023,CI816 PCA,CPCA-023,1
1486,91819,HOLDER CI816,N-068,1
1487,CPCA-011,CI767 PCA,CPCA-011,1
1488,69245,CC GRT1555C1H560JA02D,F-607,1
1489,68767,IC NJM2392M(TE1),K-317,1
1490,65532,CR RK73H2ATTD6802D,BR-434,1
1491,69302,PCB CU-47(4PCS/SHT),O-545,1
1492,69402,AEC UPW1E242MHDEBVTO,G-432,1
1493,61966,CC GCM1882C2A101JA01D,F-617,1
1494,65958,CC GCM21BR72A104KA01L,F-500,1
1495,93629,CC CM105X7R105K16AT,F-262,1
1496,68311,CC GCM155R71H104KE02D,F-557,1
1497,92829,CC GCM21BR72A473KA01L,F-618,1
1498,69427,FET RSR010N10HZGTL,I-463,1
1499,69428,FET RSQ015P10HZGTR,I-464,1
1500,68676,FET IPD70P04P4-09,I-458,1
1501,94437,CR RK73H1JTTD6200D,BR-444,1
1502,66728,CR TLR3AWDTE4L00F75,BR-445,1
1503,69443,CR RK73H2ATTD6803D,BR-476,1
1504,62370,CR RK73H1JTTD2402D,BK-636,1
1505,96138,CR RK73H2ATTD4301F,B-383,1
1506,62037,CR RK73H2ATTD1002F,BR-423,1
1507,95636,CR RK73B1JTTD224J,BR-446,1
1508,90506,CR RK73H1JTTD5601D,BK-639,1
1509,69442,CR WK73R2BTTD470J,BR-470,1
1510,63880,CR RK73H1JTTD7501D,BR-447,1
1511,78041,CR RK73B2BTTD102J,B-217,1
1512,79098,ZD ST04-27F1-5053,H-747,1
1513,68253,CC UMK105B7332KVHF,F-619,1
1514,69429,TR DTA124EU3HZGT106,I-465,1
1515,98989,CR RK73B2BTTD3R3J,BR-448,1
1516,62034,CR RK73H1JTTD2002F,BR-449,1
1517,91469,CR RK73H2BTTD2202F,BR-450,1
1518,69395,PCB TW104(2PCS/SHT),O-551,1
1519,95314,TERMINAL 8100-2951 (9998-6375),L-112,1
1520,95315,TERMINAL 8100-2952 (9998-6376),L-113,1
1521,95313,CN 6098-2755,V-088,1
1522,69392,AL CASE TW104,CCC-247,1
1523,68385,AEC UCD1E100MCL1GS,G-398,1
1524,69064,FET MG031B090004A-7102,I-439,1
1525,67938,CN 6188-6110,V-278,1
1526,69687,PCB CU-54 (2PCS/SHT),O-574,1
1527,69679,AL CASE CU-54,CCC-253,1
1528,69685,IC BV1LB300FJ-CE2,K-358,1
